{
	"pages": [ //pages数组中第一项表示应用启动页，参考：https://uniapp.dcloud.io/collocation/pages
		{
			"path": "pages/login/login",
			"style": {
				"navigationBarTitleText": "会议室登录"
			}
		}, {
			"path": "pages/update/update",
			"style": {
				"navigationBarTitleText": "会议室修改密码"
			}
		}, {
			"path": "pages/detail/detail",
			"style": {
				"navigationBarTitleText": "会议室详情"
			}
		}, {
			"path": "pages/sign/sign",
			"style": {
				"navigationBarTitleText": "会议签到"
			}
		}, {
			"path": "pages/modify/modify",
			"style": {
				"navigationBarTitleText": "编辑会议"
			}
		}, {
			"path": "pages/appointment/appointment",
			"style": {
				"navigationBarTitleText": "添加会议室"
			}
		}, {
			"path": "pages/register/register",
			"style": {
				"navigationBarTitleText": "会议室注册"
			}
		},
		{
			"path": "pages/index/index",
			"style": {
				"navigationBarTitleText": "会议室首页"
			}
		}

	],

	"globalStyle": {
		"navigationBarTextStyle": "black",
		"navigationBarTitleText": "会议室预约",
		"navigationBarBackgroundColor": "#F8F8F8",
		"backgroundColor": "#F8F8F8"
	},
	"condition": { //模式配置，仅开发期间生效
		"current": 0, //当前激活的模式（list 的索引项）
		"list": [{
			"name": "登录", //模式名称
			"path": "pages/login/login" //启动页面，必选
		}, {
			"name": "添加会议", //模式名称
			"path": "pages/appointment/appointment" //启动页面，必选
		}, {
			"name": "签到", //模式名称
			"path": "pages/sign/sign" //启动页面，必选
		}, {
			"name": "编辑会议", //模式名称
			"path": "pages/modify/modify" //启动页面，必选
		}, {
			"name": "会议详情", //模式名称
			"path": "pages/detail/detail" //启动页面，必选
		}, {
			"name": "首页", //模式名称
			"path": "pages/index/index" //启动页面，必选
		}]
	}
}
